filename,color_palette
con-olympus-pen-ft_4704632053_o.jpg,"[(226, 217, 200), (62, 46, 50), (116, 83, 80), (143, 126, 117), (139, 111, 88)]"
el-rally_4439997886_o.jpg,"[(187, 187, 187), (53, 53, 53), (104, 104, 104), (76, 76, 76), (84, 84, 84)]"
ciudad-universitaria-3_2640117592_o.jpg,"[(190, 195, 175), (22, 37, 30), (94, 114, 84), (89, 107, 53), (73, 70, 55)]"
auto-verde_2770467139_o.jpg,"[(213, 204, 183), (28, 30, 38), (102, 71, 75), (109, 126, 123), (111, 118, 75)]"
img_0185_12040600754_o.jpg,"[(214, 200, 182), (196, 57, 28), (184, 147, 122), (156, 130, 105), (204, 100, 92)]"
vaca_1359780211_o.jpg,"[(92, 112, 122), (206, 214, 212), (16, 15, 19), (141, 156, 193), (148, 194, 169)]"
img092a_7168518858_o.jpg,"[(228, 226, 227), (140, 79, 68), (72, 81, 45), (132, 137, 77), (147, 156, 127)]"
afilador_3560104602_o.jpg,"[(206, 213, 213), (38, 65, 69), (109, 79, 64), (151, 113, 87), (118, 129, 132)]"
muro_5426717940_o.jpg,"[(140, 132, 95), (49, 48, 36), (233, 228, 210), (225, 199, 144), (79, 66, 43)]"
anden-del-metro-patriotismo_6221592779_o.jpg,"[(64, 58, 48), (202, 170, 140), (123, 112, 96), (149, 149, 163), (156, 164, 174)]"
untitled-5bngpola_3036174265_o.jpg,"[(15, 16, 5), (176, 143, 119), (102, 84, 57), (100, 194, 128), (132, 132, 108)]"
sala-de-arte-publico-siqueiros_4967659232_o.jpg,"[(39, 40, 36), (179, 193, 162), (135, 153, 115), (107, 121, 95), (124, 140, 140)]"
plaza-de-las-tres-culturas_4718903663_o.jpg,"[(202, 203, 201), (92, 85, 75), (33, 32, 27), (72, 66, 62), (111, 100, 95)]"
lamparas-en-el-macg_5425763402_o.jpg,"[(23, 22, 20), (218, 201, 163), (103, 82, 35), (132, 116, 49), (132, 108, 84)]"
3463894097_4339d97f0a_o.jpg,"[(188, 194, 198), (36, 47, 71), (123, 36, 47), (112, 135, 144), (180, 122, 69)]"
tree--sky-underwater-1_2586426816_o.jpg,"[(56, 65, 61), (116, 144, 151), (129, 163, 193), (141, 184, 205), (195, 193, 165)]"
1559963552_6261a7c22b_o.jpg,"[(202, 212, 196), (134, 50, 39), (141, 99, 71), (147, 127, 109), (84, 117, 108)]"
curtis-theatre_1050783091_o.jpg,"[(236, 232, 230), (31, 31, 31), (118, 114, 111), (108, 108, 103), (124, 124, 116)]"
window_532666884_o.jpg,"[(65, 64, 46), (166, 164, 240), (206, 198, 233), (174, 195, 193), (151, 136, 113)]"
arboles-1_2770466411_o.jpg,"[(52, 68, 44), (202, 210, 181), (160, 191, 137), (140, 149, 69), (117, 155, 172)]"
plaza-de-las-tres-culturas_4718901871_o.jpg,"[(195, 187, 179), (38, 43, 35), (119, 114, 102), (98, 102, 65), (87, 81, 67)]"
lamp_573002234_o.jpg,"[(132, 170, 188), (52, 30, 16), (115, 91, 58), (209, 162, 91), (77, 95, 120)]"
anden-del-metro-tacuba_5052563801_o.jpg,"[(152, 149, 125), (50, 46, 47), (223, 224, 215), (82, 62, 59), (88, 80, 50)]"
fd_3097268326_o.jpg,"[(216, 219, 215), (19, 18, 13), (156, 167, 168), (117, 92, 55), (103, 124, 149)]"
expo-en-el-muac_4137599768_o.jpg,"[(57, 82, 75), (152, 222, 210), (102, 157, 142), (118, 175, 176), (148, 180, 164)]"
caro-encobijada_4931505085_o.jpg,"[(37, 35, 34), (189, 177, 148), (136, 158, 119), (120, 107, 82), (113, 130, 160)]"
lili-en-las-escaleras_4897880102_o.jpg,"[(217, 213, 181), (49, 46, 33), (147, 171, 120), (133, 118, 78), (121, 135, 160)]"
3143205380_356afd9218_o.jpg,"[(204, 188, 200), (24, 25, 24), (111, 97, 89), (138, 155, 154), (124, 128, 152)]"
movement_1360669938_o.jpg,"[(115, 108, 101), (204, 204, 197), (175, 177, 175), (20, 14, 17), (180, 177, 163)]"
55_3097267044_o.jpg,"[(210, 71, 21), (4, 4, 4), (66, 12, 7), (89, 4, 4), (12, 4, 20)]"
img083a_7155067514_o.jpg,"[(98, 82, 53), (25, 22, 19), (216, 219, 160), (158, 186, 154), (121, 155, 165)]"
la-biblio-de-jumex_4672865755_o.jpg,"[(202, 196, 177), (31, 30, 34), (89, 62, 46), (103, 107, 106), (115, 94, 58)]"
graffitti-en-bellas-artes_3886483803_o.jpg,"[(212, 196, 178), (25, 26, 19), (130, 127, 120), (126, 78, 83), (146, 124, 77)]"
moma-pano-2_2286690171_o.jpg,"[(138, 80, 49), (36, 26, 25), (172, 177, 184), (175, 155, 138), (209, 212, 209)]"
untitled-3-u-pol_3036175821_o.jpg,"[(15, 7, 10), (177, 108, 15), (99, 42, 11), (132, 132, 44), (40, 44, 88)]"
bebidas-en-el-museo-rufino-tamayo_4536362657_o.jpg,"[(98, 87, 79), (215, 214, 189), (27, 21, 25), (165, 177, 124), (163, 160, 173)]"
fuente_581317794_o.jpg,"[(208, 184, 155), (19, 14, 9), (168, 169, 150), (131, 111, 78), (151, 146, 134)]"
3495361031_67f6c2255d_o.jpg,"[(64, 62, 45), (228, 195, 180), (149, 111, 89), (166, 172, 144), (137, 148, 160)]"
bucanera_2755207141_o.jpg,"[(11, 7, 6), (187, 163, 160), (91, 58, 52), (106, 102, 144), (123, 132, 139)]"
tiff-jpg-8-compression_3430751218_o.jpg,"[(39, 41, 45), (180, 167, 145), (120, 108, 93), (145, 158, 155), (138, 142, 159)]"
expo-en-el-cce_4395190165_o.jpg,"[(203, 185, 127), (28, 20, 18), (114, 84, 46), (140, 124, 72), (140, 108, 124)]"
feria-en-la-alameda_4302328292_o.jpg,"[(43, 22, 12), (196, 83, 43), (136, 65, 20), (140, 153, 122), (103, 116, 147)]"
3217360942_f3b9eca389_o.jpg,"[(210, 211, 196), (34, 41, 38), (137, 169, 159), (122, 130, 110), (101, 143, 155)]"
bosque-y-lago-de-chapultepec_4263470207_o.jpg,"[(36, 38, 29), (202, 197, 195), (112, 110, 96), (139, 148, 136), (134, 138, 140)]"
img_4603_2920651672_o.jpg,"[(35, 17, 8), (214, 189, 170), (124, 164, 191), (119, 88, 58), (95, 113, 168)]"
desde-la-hamaca_4516566358_o.jpg,"[(230, 231, 211), (59, 53, 51), (141, 123, 91), (164, 166, 140), (148, 148, 156)]"
flag_690568486_o.jpg,"[(200, 191, 236), (28, 28, 60), (125, 43, 70), (150, 108, 168), (164, 92, 96)]"
3163994438_f16facc360_o.jpg,"[(53, 6, 5), (206, 66, 36), (130, 15, 9), (149, 141, 30), (142, 104, 60)]"
3496179694_b7e31cb27d_b_3903121904_o.jpg,"[(223, 222, 219), (18, 15, 16), (105, 100, 92), (107, 161, 203), (83, 126, 166)]"
fotografo-ambulante-en-la-habana_3216500793_o.jpg,"[(198, 191, 173), (32, 26, 26), (114, 68, 56), (163, 137, 66), (116, 122, 119)]"
conejo-de-arte-en-el-mam_4361850411_o.jpg,"[(60, 42, 29), (192, 183, 119), (143, 119, 68), (163, 156, 90), (156, 132, 124)]"
tacubaya_5355173617_o.jpg,"[(68, 71, 40), (203, 213, 176), (164, 178, 128), (145, 147, 66), (138, 152, 159)]"
flower-and-photographers_822512592_o.jpg,"[(44, 47, 77), (210, 223, 236), (172, 197, 225), (149, 125, 128), (118, 142, 192)]"
pathe-baby_2756038804_o.jpg,"[(207, 167, 149), (16, 13, 10), (87, 53, 35), (105, 114, 111), (119, 82, 57)]"
zona-arqueologica-en-tlatelolco_4718902621_o.jpg,"[(188, 190, 181), (42, 42, 37), (126, 135, 77), (87, 80, 75), (113, 107, 103)]"
carteles-de-cine-cubano_2755207983_o.jpg,"[(60, 54, 58), (228, 218, 206), (178, 184, 180), (150, 134, 117), (138, 153, 180)]"
coleccin-jumex_4345519238_o.jpg,"[(166, 175, 143), (222, 246, 229), (58, 55, 47), (109, 106, 74), (92, 100, 89)]"
0570_3430754948_o.jpg,"[(39, 40, 45), (182, 168, 147), (119, 107, 93), (141, 160, 140), (133, 137, 162)]"
metro_5336196584_o.jpg,"[(56, 64, 33), (195, 208, 179), (119, 139, 83), (152, 174, 126), (134, 154, 153)]"
descansando-en-el-metro-tacubaya_4967054355_o.jpg,"[(165, 127, 71), (61, 29, 43), (250, 228, 108), (220, 213, 157), (83, 69, 78)]"
expo-en-el-muac_4137597226_o.jpg,"[(229, 232, 230), (45, 45, 49), (204, 177, 75), (152, 160, 157), (133, 98, 64)]"
3216502559_363a597cca_o.jpg,"[(192, 202, 198), (30, 29, 23), (95, 81, 70), (131, 132, 78), (114, 117, 121)]"
dscf8228_2905694193_o.jpg,"[(24, 15, 11), (215, 175, 151), (105, 58, 40), (128, 140, 135), (130, 120, 146)]"
metro-chabacano_4967054431_o.jpg,"[(10, 12, 8), (159, 162, 135), (94, 97, 76), (123, 132, 111), (112, 118, 134)]"
dryden_1382183315_o.jpg,"[(23, 19, 11), (180, 177, 123), (114, 100, 48), (138, 142, 89), (116, 132, 132)]"
canon-demi-test_2640114032_o.jpg,"[(203, 211, 201), (54, 58, 81), (102, 49, 75), (123, 141, 158), (145, 132, 92)]"
trozo-de-alberca_5426114847_o.jpg,"[(159, 150, 137), (40, 32, 24), (206, 215, 220), (86, 66, 49), (101, 81, 55)]"
ishmaels-lost-gaze_2047811452_o.jpg,"[(68, 66, 66), (214, 226, 213), (118, 133, 159), (134, 154, 194), (154, 192, 163)]"
cupula-de-ex-teresa_6221598203_o.jpg,"[(100, 94, 74), (207, 205, 180), (22, 22, 21), (169, 174, 149), (136, 150, 173)]"
ciudad-universitaria-2_2639288543_o.jpg,"[(189, 185, 184), (34, 49, 47), (167, 138, 63), (119, 122, 119), (98, 78, 60)]"
plaza-de-las-tres-culturas_4719552736_o.jpg,"[(183, 174, 160), (32, 33, 26), (96, 93, 82), (88, 91, 50), (71, 65, 52)]"
el-gabinete-blanco-en-jumex_4744114996_o.jpg,"[(213, 216, 208), (4, 4, 4), (141, 149, 123), (112, 116, 90), (116, 124, 92)]"
0581_3430302279_o.jpg,"[(177, 173, 161), (20, 16, 15), (109, 99, 80), (137, 145, 136), (125, 125, 145)]"
caballos_2561642520_o.jpg,"[(208, 192, 184), (21, 15, 19), (106, 75, 74), (127, 148, 146), (117, 122, 145)]"
img_0194_12040236075_o.jpg,"[(218, 207, 190), (50, 39, 45), (161, 142, 122), (67, 76, 98), (209, 98, 95)]"
3217353900_20d2d60000_o.jpg,"[(229, 248, 250), (41, 168, 213), (4, 15, 29), (116, 164, 212), (116, 172, 172)]"
gamma_2755205059_o.jpg,"[(200, 224, 213), (18, 15, 10), (89, 77, 50), (124, 142, 110), (106, 120, 142)]"
35-sp_4863069076_o.jpg,"[(44, 43, 15), (198, 209, 64), (115, 115, 29), (143, 161, 37), (124, 108, 124)]"
jesus-is-love_532761547_o.jpg,"[(209, 206, 224), (50, 46, 39), (161, 112, 77), (112, 74, 54), (128, 131, 163)]"
rally_4516091093_o.jpg,"[(112, 103, 86), (227, 222, 226), (24, 25, 24), (177, 181, 180), (163, 165, 178)]"
3841680838_045699c843_o.jpg,"[(189, 164, 104), (36, 25, 17), (240, 240, 221), (102, 60, 35), (144, 93, 38)]"
park-avenue-gallery_771371068_o.jpg,"[(178, 197, 206), (34, 49, 37), (101, 80, 68), (150, 139, 80), (102, 131, 148)]"
3426998593_71ef77915a_o.jpg,"[(209, 200, 187), (37, 30, 29), (133, 43, 34), (115, 112, 103), (135, 104, 65)]"
img_0190_12040234055_o.jpg,"[(223, 213, 202), (52, 49, 50), (193, 74, 59), (145, 141, 130), (160, 113, 94)]"
tlatelolco_5329138196_o.jpg,"[(32, 32, 28), (197, 159, 164), (109, 107, 98), (134, 152, 115), (123, 120, 157)]"
3036044871_8439970fe2_o.jpg,"[(43, 40, 48), (206, 183, 158), (149, 173, 149), (133, 110, 99), (115, 143, 157)]"
oficinas-de-la-coleccin-jumex_4347863888_o.jpg,"[(148, 162, 129), (52, 56, 35), (230, 243, 241), (97, 99, 61), (84, 84, 50)]"
banobras_4735218609_o.jpg,"[(32, 32, 45), (89, 83, 73), (245, 245, 245), (148, 144, 94), (137, 142, 131)]"
expo-en-el-muac_4136834495_o.jpg,"[(52, 75, 64), (130, 206, 183), (98, 151, 130), (108, 168, 166), (140, 168, 144)]"
tlatelolco_4726902219_o.jpg,"[(48, 42, 36), (204, 199, 186), (128, 112, 95), (152, 158, 123), (141, 142, 149)]"
hombre-parado-sobre-el-techo-de-una-casa_4639018826_o.jpg,"[(27, 27, 27), (230, 230, 230), (148, 148, 148), (164, 164, 164), (132, 132, 132)]"
img_0199_1_12041254766_o.jpg,"[(83, 70, 53), (177, 201, 229), (217, 194, 142), (201, 170, 114), (162, 143, 106)]"
joyeria-en-el-metro-chapultepec_4961496875_o.jpg,"[(204, 199, 186), (26, 27, 31), (115, 109, 98), (144, 151, 149), (109, 118, 159)]"
arte-povera-en-el-muac_4958381033_o.jpg,"[(50, 53, 34), (144, 205, 190), (92, 128, 101), (109, 156, 148), (124, 156, 124)]"
tree--sky-underwater_2585595033_o.jpg,"[(103, 108, 101), (11, 11, 14), (204, 211, 200), (152, 189, 189), (134, 165, 184)]"
feria-en-la-alameda_4305640608_o.jpg,"[(38, 12, 22), (180, 146, 41), (111, 69, 43), (124, 117, 146), (137, 124, 111)]"
the-deal_2488633980_o.jpg,"[(56, 56, 56), (150, 150, 150), (199, 199, 199), (180, 180, 180), (172, 172, 172)]"
la-ventana-de-la-cocina-por-la-maana_4421058451_o.jpg,"[(49, 43, 30), (245, 241, 228), (195, 171, 125), (159, 132, 91), (172, 148, 180)]"
3108194631_08c0c4f94f_o.jpg,"[(66, 39, 22), (219, 197, 113), (152, 109, 56), (177, 160, 68), (168, 148, 132)]"
capitolio-en-la-cmara-obscura_2755210281_o.jpg,"[(37, 38, 46), (138, 136, 146), (109, 117, 137), (90, 93, 108), (112, 116, 121)]"
moma-window-pano-2_2287482106_o.jpg,"[(19, 23, 25), (187, 194, 181), (117, 167, 211), (99, 108, 100), (88, 115, 157)]"
el-metro_4264220588_o.jpg,"[(48, 44, 37), (201, 194, 155), (122, 116, 82), (145, 156, 119), (148, 148, 140)]"
3412620587_bd86baf816_o.jpg,"[(177, 147, 123), (42, 37, 37), (240, 234, 218), (90, 62, 58), (112, 96, 40)]"
101-aniversario-gabriel-figueroa_2476343889_o.jpg,"[(21, 13, 9), (187, 162, 128), (111, 98, 82), (135, 135, 134), (117, 109, 142)]"
estacion-de-policia-en-tlatelolco_4719552188_o.jpg,"[(214, 206, 199), (34, 36, 33), (126, 123, 112), (151, 150, 137), (132, 138, 148)]"
3496179694_e8fde42247_o.jpg,"[(223, 222, 219), (19, 16, 17), (105, 100, 92), (107, 161, 203), (85, 126, 163)]"
objetos-en-la-casa_4788951606_o.jpg,"[(151, 205, 179), (10, 33, 13), (81, 74, 68), (222, 231, 225), (100, 110, 79)]"
3464715462_4636e84f65_o.jpg,"[(197, 198, 204), (48, 71, 88), (97, 136, 164), (150, 120, 69), (87, 77, 67)]"
la-luz-en-el-bao_4226810315_o.jpg,"[(221, 182, 167), (56, 74, 70), (140, 99, 83), (163, 172, 177), (163, 164, 172)]"
k--m-kitchen_2047803632_o.jpg,"[(171, 160, 149), (28, 19, 25), (97, 65, 63), (141, 99, 57), (221, 226, 228)]"
6_3173017734_o.jpg,"[(200, 198, 185), (34, 28, 34), (97, 77, 69), (118, 113, 108), (125, 103, 79)]"
sala-del-macg_5425160195_o.jpg,"[(197, 191, 171), (18, 16, 17), (97, 87, 79), (120, 114, 148), (131, 140, 133)]"
exposicin-en-el-centro-cultural-tlatelolco_4226781760_o.jpg,"[(80, 55, 32), (207, 190, 117), (158, 131, 72), (179, 165, 94), (127, 140, 166)]"
dscf8142_2906533438_o.jpg,"[(55, 36, 31), (211, 165, 141), (130, 84, 68), (143, 165, 146), (121, 107, 166)]"
autorretrato-con-luz-de-un-vitral_4395957356_o.jpg,"[(27, 21, 22), (197, 192, 183), (114, 96, 93), (138, 140, 138), (133, 129, 140)]"
intersections-ii-a_2499138425_o.jpg,"[(207, 207, 207), (31, 31, 31), (152, 152, 152), (114, 114, 114), (140, 140, 140)]"
objetos-en-la-casa_4788320193_o.jpg,"[(211, 233, 207), (21, 48, 17), (118, 78, 67), (156, 146, 89), (130, 244, 158)]"
pista-de-hielo-en-el-zocalo_5315914959_o.jpg,"[(65, 62, 52), (225, 229, 229), (117, 99, 86), (140, 122, 98), (144, 133, 132)]"
objetos-en-la-casa_4788952302_o.jpg,"[(142, 210, 189), (10, 38, 16), (119, 71, 56), (213, 182, 163), (164, 112, 78)]"
objetos-en-la-casa_4788953356_o.jpg,"[(180, 233, 165), (10, 17, 4), (104, 174, 66), (167, 69, 9), (101, 113, 100)]"
geh_1538991924_o.jpg,"[(184, 196, 198), (36, 38, 33), (76, 75, 75), (102, 104, 107), (94, 97, 83)]"
gonzalo-lebrija-en-el-museo-de-arte-moderno_5714240995_o.jpg,"[(46, 44, 40), (191, 189, 181), (121, 116, 109), (146, 156, 147), (144, 145, 156)]"
museo-tamayo_5227531565_o.jpg,"[(124, 86, 39), (230, 212, 115), (44, 23, 29), (205, 161, 63), (182, 153, 160)]"
3109124378_7bb64ea5b2_o.jpg,"[(63, 61, 62), (218, 216, 203), (152, 174, 126), (141, 128, 105), (128, 146, 166)]"
casa-de-los-azulejos_573016813_o.jpg,"[(49, 62, 83), (114, 145, 198), (205, 203, 204), (144, 103, 80), (162, 172, 164)]"
img008_6936488143_o.jpg,"[(8, 9, 9), (179, 198, 197), (83, 90, 100), (119, 137, 143), (97, 106, 145)]"
-_3036742962_o.jpg,"[(189, 170, 129), (46, 24, 20), (185, 30, 27), (232, 234, 227), (179, 114, 44)]"
3463895283_a9ecfc36de_o.jpg,"[(157, 150, 134), (53, 35, 30), (106, 40, 17), (124, 91, 46), (223, 224, 218)]"
mano_4582494987_o.jpg,"[(30, 244, 183), (4, 11, 4), (193, 163, 131), (97, 51, 43), (124, 116, 116)]"
arboles_2771315936_o.jpg,"[(39, 47, 27), (190, 206, 146), (129, 177, 100), (108, 127, 70), (106, 136, 157)]"
3036526788_cd88b41b13_o.jpg,"[(37, 34, 38), (211, 204, 187), (164, 165, 161), (136, 117, 112), (140, 143, 159)]"
atte-la-direccion_4958545009_o.jpg,"[(93, 99, 68), (216, 225, 209), (26, 27, 17), (166, 184, 156), (157, 172, 164)]"
museo-tamayo_5228125468_o.jpg,"[(148, 132, 88), (47, 37, 24), (227, 206, 146), (86, 61, 40), (235, 230, 206)]"
3142376067_9c7d99f13a_o.jpg,"[(42, 46, 46), (226, 218, 212), (143, 138, 129), (170, 177, 167), (158, 157, 169)]"
arte-objeto_4315760859_o.jpg,"[(119, 67, 35), (173, 176, 90), (218, 213, 156), (20, 14, 10), (156, 156, 124)]"
telecine_2755424871_o.jpg,"[(46, 51, 51), (189, 191, 191), (117, 124, 116), (134, 147, 164), (150, 166, 170)]"
colonial-building-draped-in-black_2640119616_o.jpg,"[(224, 230, 229), (14, 13, 20), (100, 92, 96), (134, 136, 135), (120, 120, 143)]"
3216499237_a3f0e8d8b2_o.jpg,"[(203, 169, 116), (43, 20, 17), (130, 78, 54), (156, 132, 76), (154, 116, 108)]"
3216504257_435b3bc35f_o.jpg,"[(88, 119, 82), (200, 207, 202), (150, 172, 186), (10, 14, 11), (156, 204, 158)]"
luz_4967054161_o.jpg,"[(16, 21, 21), (197, 185, 125), (81, 87, 57), (92, 101, 76), (132, 124, 68)]"
plaza-de-las-tres-culturas_4715643373_o.jpg,"[(33, 33, 31), (201, 190, 181), (116, 110, 90), (140, 148, 119), (140, 138, 148)]"
feria-en-la-alameda_4305734290_o.jpg,"[(228, 223, 191), (33, 33, 34), (120, 107, 77), (144, 159, 126), (124, 140, 148)]"
img009_6899105387_o.jpg,"[(211, 173, 103), (48, 57, 47), (139, 186, 182), (153, 108, 61), (103, 141, 160)]"
nueva-entrada-de-la-sala-de-arte-publico-siqueiros_4967659462_o.jpg,"[(39, 41, 31), (198, 206, 188), (139, 161, 113), (113, 133, 90), (128, 142, 150)]"
sillas_5269257717_o.jpg,"[(209, 209, 209), (140, 140, 140), (87, 87, 87), (108, 108, 108), (116, 116, 116)]"
3705440207_e2c01b2e96_o.jpg,"[(214, 216, 208), (60, 64, 62), (122, 87, 84), (130, 128, 121), (141, 118, 92)]"
img082_6991243194_o.jpg,"[(39, 39, 37), (189, 190, 170), (112, 114, 101), (138, 150, 126), (129, 131, 154)]"
torre-de-la-secretaria-de-relaciones-exteriores_4719552964_o.jpg,"[(210, 211, 213), (43, 42, 35), (145, 142, 84), (96, 87, 74), (133, 124, 114)]"
fidel_2755425051_o.jpg,"[(13, 13, 11), (188, 207, 191), (120, 144, 121), (89, 109, 89), (97, 108, 140)]"
dscf8233_2905694637_o.jpg,"[(28, 20, 17), (204, 188, 177), (113, 83, 71), (107, 165, 174), (111, 119, 145)]"
marce_4931505983_o.jpg,"[(210, 205, 178), (32, 27, 25), (126, 107, 88), (151, 157, 140), (140, 136, 152)]"
last-frame_700331375_o.jpg,"[(105, 121, 139), (139, 174, 171), (9, 10, 10), (111, 120, 103), (82, 93, 83)]"
mini-lili_4895993656_o.jpg,"[(141, 139, 66), (40, 34, 31), (193, 212, 198), (208, 208, 117), (65, 72, 65)]"
luisa--minox_498339134_o.jpg,"[(187, 187, 191), (16, 16, 16), (72, 72, 72), (100, 100, 100), (84, 84, 83)]"
arte-objeto_4316495422_o.jpg,"[(48, 34, 13), (192, 198, 138), (129, 113, 43), (163, 157, 75), (151, 140, 100)]"
objetos-en-la-casa_4788321031_o.jpg,"[(193, 243, 236), (40, 45, 37), (143, 239, 239), (125, 109, 76), (53, 123, 187)]"
ciudad-universitaria-1_2639287501_o.jpg,"[(178, 181, 166), (31, 37, 33), (77, 67, 59), (94, 109, 98), (100, 108, 56)]"
sala-gutirrez-alea-eictv_2756037564_o.jpg,"[(59, 35, 21), (222, 165, 124), (154, 90, 50), (166, 171, 160), (139, 137, 152)]"
plant_690569358_o.jpg,"[(84, 68, 74), (154, 134, 141), (164, 144, 151), (171, 154, 164), (141, 238, 166)]"
obra-de-arte-contemporaneo_4672865443_o.jpg,"[(152, 149, 138), (60, 55, 45), (220, 208, 220), (92, 61, 71), (89, 80, 57)]"
geh_531220551_o.jpg,"[(129, 96, 73), (39, 35, 28), (225, 220, 235), (135, 131, 127), (107, 100, 127)]"
3696350525_955176f74b_o.jpg,"[(219, 210, 197), (23, 36, 28), (98, 70, 60), (119, 117, 115), (124, 120, 57)]"
olinka-muy-sonriente-en-el-funeral_4961495895_o.jpg,"[(48, 46, 44), (211, 208, 182), (163, 166, 146), (137, 126, 102), (143, 143, 157)]"
-_3559411717_o.jpg,"[(75, 84, 72), (228, 234, 230), (143, 151, 130), (165, 186, 167), (141, 166, 175)]"
library_1511325784_o.jpg,"[(73, 61, 58), (202, 194, 178), (145, 137, 120), (163, 169, 171), (166, 166, 145)]"
0580_3430301965_o.jpg,"[(69, 52, 50), (212, 195, 159), (156, 129, 113), (175, 168, 158), (137, 139, 175)]"
3430301561_697d3d2d20_o.jpg,"[(220, 209, 200), (37, 45, 31), (119, 111, 100), (139, 162, 147), (127, 132, 155)]"
dan-flavin-en-la-coleccion-jumex_4694141825_o.jpg,"[(113, 135, 115), (222, 234, 231), (179, 193, 188), (40, 54, 20), (179, 196, 179)]"
el-metro_4264221408_o.jpg,"[(55, 46, 37), (208, 203, 174), (128, 123, 86), (154, 157, 126), (152, 148, 148)]"
smell_4958432899_o.jpg,"[(30, 29, 40), (198, 196, 159), (103, 119, 164), (139, 158, 150), (115, 107, 86)]"
vestibulo-del-centro-cultural-tlatelolco_4226009157_o.jpg,"[(106, 104, 85), (238, 230, 239), (22, 22, 17), (161, 157, 182), (177, 182, 205)]"
focus-dyptich_2476799101_o.jpg,"[(85, 100, 89), (202, 213, 211), (12, 14, 14), (162, 181, 176), (155, 171, 172)]"
porch_1363342571_o.jpg,"[(173, 171, 172), (27, 26, 34), (95, 96, 98), (79, 46, 52), (127, 105, 62)]"
ojos-de-vidrio-fino_3495406757_o.jpg,"[(35, 18, 25), (224, 225, 219), (132, 55, 41), (203, 174, 43), (140, 140, 133)]"
mi-ventana_5426718030_o.jpg,"[(220, 219, 180), (25, 16, 17), (106, 96, 63), (139, 140, 85), (137, 129, 100)]"
proyeccin-en-el-centro-cultural-tlatelolco_4226009319_o.jpg,"[(38, 34, 27), (212, 218, 221), (139, 156, 153), (110, 105, 92), (123, 139, 140)]"
television-en-el-macg_5425160257_o.jpg,"[(29, 29, 31), (174, 176, 181), (103, 109, 108), (131, 140, 140), (132, 132, 148)]"
what-are-pics-made-of_2500406723_o.jpg,"[(131, 110, 102), (11, 6, 9), (187, 192, 171), (182, 166, 146), (156, 166, 166)]"
peatones-en-una-calle-del-centro-histrico-de-la-ciudad-de-mxico_3819874202_o.jpg,"[(38, 39, 40), (220, 178, 142), (115, 108, 106), (134, 155, 167), (105, 132, 152)]"
peatones-en-una-calle-del-centro-histrico-de-la-ciudad-de-mxico_3844477342_o.jpg,"[(38, 39, 39), (219, 178, 142), (114, 108, 106), (134, 155, 167), (106, 132, 153)]"
objetos-en-la-casa_4788953082_o.jpg,"[(13, 24, 12), (169, 249, 215), (103, 224, 153), (155, 80, 38), (72, 132, 152)]"
bolero_4895784057_o.jpg,"[(136, 130, 124), (47, 38, 38), (219, 219, 216), (206, 196, 170), (187, 196, 175)]"
warehouse_675429286_o.jpg,"[(35, 37, 39), (220, 204, 197), (110, 97, 97), (145, 159, 178), (126, 140, 163)]"
la-perla-en-el-palacio-de-bellas-artes_2476345519_o.jpg,"[(21, 11, 19), (191, 199, 191), (125, 137, 129), (98, 104, 98), (116, 121, 143)]"
coleccion-jumex_4694859840_o.jpg,"[(134, 146, 139), (29, 33, 35), (224, 227, 230), (73, 67, 69), (82, 85, 67)]"
0183_3172274394_o.jpg,"[(51, 49, 10), (235, 234, 219), (133, 131, 55), (155, 167, 142), (135, 145, 149)]"
azul_2756258608_o.jpg,"[(32, 16, 30), (113, 129, 243), (127, 174, 234), (201, 213, 200), (122, 98, 66)]"
3161073664_f03eef2360_o.jpg,"[(204, 144, 67), (24, 7, 5), (119, 53, 16), (137, 142, 80), (92, 116, 108)]"
calle-de-madera_2755209149_o.jpg,"[(169, 162, 148), (46, 45, 41), (201, 218, 229), (124, 52, 33), (130, 94, 53)]"
ampliadora-35mm-y-visor-8mm_4302331062_o.jpg,"[(53, 26, 20), (196, 194, 62), (139, 200, 106), (138, 57, 26), (106, 121, 154)]"
cosas-pequeas-en-la-coleccin-jumex_4347863994_o.jpg,"[(68, 112, 72), (177, 240, 209), (130, 200, 144), (26, 43, 32), (132, 168, 144)]"
lluvia_4637777286_o.jpg,"[(191, 185, 168), (16, 11, 8), (87, 49, 22), (120, 97, 49), (100, 122, 127)]"
estilo-en-la-calle-bolivar_4853346542_o.jpg,"[(93, 72, 58), (217, 215, 189), (162, 153, 122), (192, 158, 128), (189, 178, 172)]"
el-metro_4846685316_o.jpg,"[(69, 69, 69), (212, 212, 212), (150, 150, 150), (180, 180, 180), (172, 172, 172)]"
metro-chabacano_5297064360_o.jpg,"[(51, 51, 51), (214, 214, 214), (130, 130, 130), (164, 164, 164), (156, 156, 156)]"
pintura-en-la-zona-maco_4536362383_o.jpg,"[(209, 200, 187), (38, 32, 34), (94, 64, 61), (124, 102, 77), (122, 108, 101)]"
a-traves-de-la-hamaca_4515931105_o.jpg,"[(60, 51, 52), (231, 224, 201), (180, 173, 154), (152, 135, 111), (145, 151, 167)]"
0577_3431112728_o.jpg,"[(67, 61, 52), (232, 221, 218), (138, 125, 116), (163, 164, 159), (159, 154, 165)]"
video-instalacion-en-la-saps_4967658984_o.jpg,"[(37, 30, 34), (193, 186, 147), (160, 121, 110), (115, 80, 79), (133, 129, 144)]"
o_3097268514_o.jpg,"[(5, 4, 5), (175, 174, 159), (92, 83, 78), (121, 135, 133), (108, 122, 133)]"
museo-de-arte-moderno_4421058131_o.jpg,"[(101, 102, 57), (205, 168, 98), (27, 39, 28), (45, 51, 35), (169, 164, 82)]"
colors_674557623_o.jpg,"[(45, 66, 72), (216, 170, 158), (132, 202, 191), (138, 124, 135), (104, 138, 193)]"
feria-en-la-alameda_4305640546_o.jpg,"[(47, 18, 7), (183, 159, 89), (126, 85, 31), (132, 122, 143), (143, 132, 106)]"
post-office_573018687_o.jpg,"[(109, 118, 94), (120, 153, 176), (40, 25, 11), (157, 181, 153), (176, 187, 147)]"
museo-tamayo_5228123386_o.jpg,"[(145, 126, 64), (43, 33, 20), (246, 234, 202), (234, 215, 139), (88, 57, 28)]"
tlatelolco_4716284774_o.jpg,"[(65, 58, 53), (212, 195, 170), (152, 132, 102), (167, 169, 168), (149, 153, 166)]"
zona-arqueologica-en-tlatelolco_4719551610_o.jpg,"[(55, 53, 49), (234, 230, 210), (165, 171, 107), (139, 138, 123), (158, 155, 156)]"
3109029146_a015eaa149_o.jpg,"[(33, 23, 19), (197, 186, 150), (108, 77, 54), (134, 147, 128), (124, 110, 161)]"
a324_5355173943_o.jpg,"[(25, 31, 16), (196, 217, 173), (128, 157, 94), (95, 117, 68), (124, 124, 108)]"
salida-del-metro-zocalo_4896377828_o.jpg,"[(237, 235, 227), (36, 27, 28), (120, 91, 82), (155, 149, 134), (123, 111, 153)]"
caja-sentada_4853346930_o.jpg,"[(88, 59, 40), (225, 221, 203), (176, 175, 151), (159, 136, 103), (157, 154, 157)]"
the-wegs_532762781_o.jpg,"[(38, 35, 30), (229, 228, 234), (152, 80, 47), (173, 124, 82), (141, 148, 141)]"
gato_2771315196_o.jpg,"[(27, 24, 22), (202, 168, 136), (194, 29, 30), (67, 146, 10), (97, 40, 144)]"
3501400468_35a3568641_o.jpg,"[(208, 200, 189), (14, 12, 12), (138, 161, 149), (119, 96, 85), (116, 128, 135)]"
nadie_2755211947_o.jpg,"[(41, 47, 43), (214, 217, 214), (115, 122, 107), (126, 165, 162), (102, 143, 161)]"
bellas-artes-1_577919360_o.jpg,"[(126, 126, 139), (216, 211, 221), (16, 18, 26), (151, 78, 35), (210, 169, 167)]"
3413427430_3eb122db53_o.jpg,"[(184, 155, 137), (32, 27, 27), (239, 230, 225), (95, 68, 66), (123, 91, 64)]"
falta-al-respeto_3463898167_o.jpg,"[(26, 25, 22), (196, 201, 205), (92, 84, 71), (117, 110, 88), (121, 139, 143)]"
carnada-para-mosquitos_4515930641_o.jpg,"[(163, 113, 78), (30, 22, 21), (240, 238, 228), (102, 40, 32), (206, 199, 166)]"
dscf8242_2905695359_o.jpg,"[(21, 15, 15), (201, 186, 181), (104, 80, 73), (124, 121, 144), (128, 142, 136)]"
video-instalacion-en-la-saps_4967053279_o.jpg,"[(39, 27, 29), (131, 177, 141), (88, 116, 86), (136, 65, 51), (102, 132, 147)]"
esqueletos-en-el-cce_4852724151_o.jpg,"[(162, 151, 144), (46, 28, 27), (89, 41, 35), (147, 129, 26), (213, 208, 218)]"
metro-tlatelolco_4733047710_o.jpg,"[(201, 197, 189), (36, 35, 33), (77, 74, 69), (105, 103, 74), (109, 106, 101)]"
gonzalo-lebrija-en-el-museo-de-arte-moderno_5714802226_o.jpg,"[(112, 108, 86), (204, 197, 174), (31, 27, 31), (177, 175, 174), (178, 188, 168)]"
dscf8200_2906536288_o.jpg,"[(20, 14, 12), (196, 183, 174), (101, 75, 63), (123, 119, 147), (108, 152, 140)]"
laboratorio-de-conservacion-muac_4137598374_o.jpg,"[(31, 58, 32), (130, 198, 135), (99, 152, 93), (221, 249, 241), (111, 165, 162)]"
banobras_4735227383_o.jpg,"[(195, 195, 186), (38, 29, 14), (142, 114, 73), (103, 78, 48), (126, 114, 110)]"
la-fila-del-rtp_3927427363_o.jpg,"[(220, 216, 212), (27, 32, 32), (162, 171, 165), (134, 121, 100), (87, 125, 157)]"
palmeras_2770471473_o.jpg,"[(220, 222, 201), (29, 46, 38), (138, 170, 117), (114, 127, 71), (95, 131, 162)]"
plaza-de-las-tres-culturas_4719550468_o.jpg,"[(165, 159, 146), (42, 44, 40), (242, 240, 235), (90, 87, 66), (85, 74, 65)]"
museo-tamayo_5219564692_o.jpg,"[(109, 109, 109), (218, 218, 218), (23, 23, 23), (180, 180, 180), (172, 172, 172)]"
3560107298_20097c2045_o.jpg,"[(107, 113, 122), (229, 204, 189), (29, 32, 34), (170, 197, 207), (152, 177, 197)]"
little-light-leaks_674558567_o.jpg,"[(28, 31, 61), (204, 215, 217), (145, 209, 244), (96, 143, 208), (107, 120, 146)]"
__3152707436_o.jpg,"[(67, 32, 23), (214, 54, 76), (154, 28, 33), (148, 154, 140), (132, 128, 140)]"
desempleados_4896379150_o.jpg,"[(177, 164, 127), (53, 46, 51), (100, 63, 68), (220, 222, 224), (126, 100, 56)]"
curtis-theatre_532664862_o.jpg,"[(234, 231, 240), (37, 33, 27), (170, 92, 51), (173, 128, 89), (103, 124, 78)]"
4_3035971965_o.jpg,"[(36, 47, 22), (130, 174, 88), (106, 138, 64), (170, 218, 138), (132, 148, 108)]"
larga-exposicin_2756041150_o.jpg,"[(38, 27, 24), (204, 191, 181), (124, 164, 155), (113, 96, 84), (76, 122, 159)]"
3706248484_8a638bd93e_o.jpg,"[(211, 211, 208), (53, 57, 58), (121, 120, 121), (117, 76, 71), (135, 118, 83)]"
gallo_581318626_o.jpg,"[(147, 174, 176), (197, 182, 167), (16, 13, 10), (125, 80, 52), (132, 141, 117)]"
3035690897_8d33a0daa0_o.jpg,"[(33, 25, 28), (194, 185, 161), (158, 155, 137), (131, 113, 98), (121, 132, 152)]"
laboratorio-de-conservacion-muac_4136833521_o.jpg,"[(83, 131, 80), (16, 30, 20), (129, 203, 137), (217, 247, 241), (164, 236, 164)]"
estacin-salto-del-agua_4264220034_o.jpg,"[(50, 43, 47), (197, 193, 163), (123, 116, 92), (141, 163, 100), (110, 111, 166)]"
window_1382815359_o.jpg,"[(51, 53, 57), (177, 179, 179), (155, 165, 167), (136, 136, 137), (153, 155, 164)]"
gato-durmiendo_2770468921_o.jpg,"[(146, 129, 103), (18, 15, 12), (229, 225, 218), (86, 49, 33), (222, 179, 139)]"
video-instalacion-en-la-saps_4967053139_o.jpg,"[(41, 34, 34), (182, 165, 109), (121, 90, 63), (142, 155, 73), (143, 114, 153)]"
bellas-artes-2_577919762_o.jpg,"[(182, 180, 180), (28, 29, 33), (105, 53, 25), (95, 109, 151), (110, 82, 58)]"
column_674570607_o.jpg,"[(26, 15, 34), (197, 187, 250), (107, 98, 223), (147, 141, 251), (165, 64, 58)]"
vuelta_2756045580_o.jpg,"[(138, 141, 139), (30, 40, 42), (226, 239, 249), (70, 64, 61), (79, 86, 60)]"
visita-a-la-coleccin-jumex_4673489340_o.jpg,"[(208, 205, 194), (44, 39, 33), (110, 84, 67), (130, 106, 85), (135, 125, 117)]"
a115_5180936286_o.jpg,"[(221, 220, 181), (51, 44, 29), (125, 111, 61), (155, 156, 100), (150, 145, 148)]"
centro-cultural-tlatelolco_5331206703_o.jpg,"[(200, 152, 181), (24, 27, 38), (105, 85, 115), (121, 162, 129), (122, 112, 160)]"
fuego-en-el-muac_4958975368_o.jpg,"[(72, 64, 35), (192, 191, 155), (151, 147, 102), (171, 173, 128), (159, 155, 158)]"
perfumera_2755212345_o.jpg,"[(124, 126, 117), (19, 25, 22), (173, 200, 224), (121, 165, 206), (215, 209, 202)]"
mosaico_2561642932_o.jpg,"[(22, 20, 24), (183, 175, 174), (100, 91, 94), (118, 168, 179), (104, 124, 144)]"
6_3096426531_o.jpg,"[(9, 15, 18), (200, 198, 202), (85, 71, 59), (132, 109, 69), (105, 126, 158)]"
beso-en-las-escaleras_4899954270_o.jpg,"[(44, 37, 34), (193, 191, 152), (121, 91, 69), (139, 158, 130), (122, 136, 152)]"
nieve-en-el-zocalo_5328526959_o.jpg,"[(77, 74, 70), (219, 213, 198), (137, 155, 184), (157, 148, 129), (171, 183, 189)]"
museo-tamayo_5228119914_o.jpg,"[(31, 28, 26), (192, 190, 151), (114, 115, 85), (138, 148, 112), (120, 136, 140)]"
patriotismo_2585589793_o.jpg,"[(168, 111, 47), (9, 11, 11), (52, 191, 192), (102, 37, 11), (50, 118, 140)]"
light-lucky_2043199143_o.jpg,"[(5, 7, 9), (98, 154, 172), (188, 222, 232), (58, 112, 142), (72, 105, 112)]"
biblio-1_690567894_o.jpg,"[(68, 64, 62), (219, 214, 215), (152, 186, 199), (123, 157, 172), (143, 136, 135)]"
tif-preview-in-bridge_2521847718_o.jpg,"[(223, 222, 215), (37, 37, 38), (159, 165, 171), (124, 124, 124), (126, 137, 156)]"
iglu-en-el-zocalo_5316507692_o.jpg,"[(179, 170, 146), (50, 50, 51), (199, 209, 227), (132, 67, 70), (122, 106, 57)]"
the-eastman-house_532666368_o.jpg,"[(208, 241, 239), (116, 147, 68), (29, 34, 22), (121, 65, 36), (123, 157, 147)]"
centro_577920060_o.jpg,"[(138, 145, 162), (23, 25, 31), (224, 224, 227), (130, 88, 64), (110, 59, 40)]"
mucho-gel_4396021292_o.jpg,"[(57, 55, 46), (240, 243, 221), (165, 180, 157), (136, 140, 110), (128, 145, 162)]"
3108196803_a577ea7a77_o.jpg,"[(207, 173, 130), (36, 19, 12), (130, 79, 43), (151, 143, 55), (156, 132, 108)]"
-_3035910359_o.jpg,"[(135, 142, 126), (43, 43, 43), (228, 231, 218), (75, 58, 53), (98, 79, 58)]"
adiccin_4667461546_o.jpg,"[(41, 35, 34), (219, 217, 208), (178, 143, 109), (91, 114, 173), (133, 154, 108)]"
humo-en-la-cmara-obscura_2756044352_o.jpg,"[(45, 48, 49), (196, 191, 187), (153, 158, 166), (138, 143, 154), (118, 119, 121)]"
3898019981_cc703f0a3e_o.jpg,"[(210, 207, 210), (145, 94, 60), (54, 36, 26), (146, 123, 123), (91, 56, 39)]"
museo-nomada-1_2477612182_o.jpg,"[(95, 93, 90), (213, 202, 173), (23, 20, 23), (167, 185, 188), (144, 157, 190)]"
caracol-corriendo-para-no-disolverse_700477309_o.jpg,"[(133, 67, 60), (202, 224, 225), (26, 13, 13), (210, 164, 143), (201, 134, 118)]"
un-boton_4637183445_o.jpg,"[(58, 58, 36), (205, 208, 189), (140, 135, 104), (137, 187, 199), (84, 145, 169)]"
en-reparacin_2755210769_o.jpg,"[(46, 43, 38), (202, 182, 177), (130, 120, 112), (156, 170, 166), (120, 144, 162)]"
tienda-de-telas_2533138261_o.jpg,"[(148, 140, 119), (33, 32, 17), (91, 59, 39), (214, 219, 212), (102, 81, 44)]"
3155393294_59aee5c038_o.jpg,"[(202, 200, 196), (32, 41, 52), (86, 75, 59), (123, 107, 55), (104, 109, 101)]"
tlatelolco_4715642951_o.jpg,"[(112, 98, 80), (215, 207, 193), (25, 23, 15), (172, 186, 144), (175, 170, 166)]"
3036528336_864365a3a6_o.jpg,"[(45, 32, 35), (199, 192, 169), (134, 118, 106), (159, 161, 144), (153, 146, 156)]"
metro-tacubaya_5335583465_o.jpg,"[(41, 37, 22), (208, 211, 190), (116, 117, 73), (146, 158, 124), (146, 148, 140)]"
foto_2476344839_o.jpg,"[(12, 6, 5), (192, 123, 50), (102, 51, 16), (86, 101, 133), (118, 137, 175)]"
3721716437_5b73edb632_o.jpg,"[(191, 185, 180), (40, 45, 41), (117, 128, 121), (99, 79, 75), (117, 116, 70)]"
enero-de-1989_4024553416_o.jpg,"[(71, 127, 31), (183, 240, 136), (135, 211, 85), (16, 28, 6), (134, 186, 100)]"
aves_4637783112_o.jpg,"[(166, 166, 141), (48, 47, 43), (88, 95, 63), (104, 111, 78), (81, 66, 51)]"
taller_2756045192_o.jpg,"[(126, 131, 119), (23, 26, 20), (213, 218, 214), (183, 191, 185), (172, 177, 181)]"
img_0187_12041064376_o.jpg,"[(208, 198, 188), (167, 67, 53), (140, 130, 113), (98, 100, 92), (203, 90, 95)]"
gaytn-invocando-energa_2755205327_o.jpg,"[(151, 145, 129), (28, 26, 25), (107, 24, 20), (112, 80, 36), (236, 222, 216)]"
arte-objeto_4316495548_o.jpg,"[(155, 152, 132), (28, 27, 26), (234, 235, 229), (98, 65, 45), (112, 94, 60)]"
3036531006_b839b0332a_o.jpg,"[(39, 26, 33), (204, 195, 189), (117, 86, 86), (116, 121, 159), (140, 155, 171)]"
marce_4958432741_o.jpg,"[(72, 66, 56), (220, 209, 182), (145, 132, 87), (162, 171, 144), (130, 144, 162)]"
formatos-de-cine_2755207499_o.jpg,"[(50, 28, 20), (227, 241, 241), (156, 193, 197), (144, 62, 34), (87, 123, 163)]"
escaleras_1270856767_o.jpg,"[(176, 176, 176), (10, 10, 10), (77, 77, 77), (108, 108, 108), (100, 100, 100)]"
vista-desde-el-centro-cultural-tlatelolco_4226782648_o.jpg,"[(215, 213, 207), (38, 35, 36), (122, 117, 116), (152, 151, 144), (142, 138, 149)]"
moma_1350751147_o.jpg,"[(157, 153, 152), (13, 12, 12), (228, 232, 235), (104, 84, 68), (82, 63, 56)]"
a-church_577999584_o.jpg,"[(210, 233, 230), (45, 38, 43), (113, 94, 89), (170, 131, 101), (126, 130, 136)]"
el-otro-rio_4362597768_o.jpg,"[(18, 19, 18), (191, 194, 170), (97, 99, 72), (126, 146, 113), (116, 124, 140)]"
45_3097266956_o.jpg,"[(211, 199, 188), (21, 16, 21), (121, 98, 86), (135, 145, 139), (94, 117, 156)]"
3161074320_f51032dc70_o.jpg,"[(4, 4, 4), (216, 149, 158), (88, 197, 167), (92, 15, 14), (31, 90, 179)]"
puerquito-bicicletero_3696336367_o.jpg,"[(214, 207, 195), (22, 34, 33), (127, 103, 92), (138, 162, 161), (118, 141, 162)]"
111_3036809310_o.jpg,"[(104, 138, 139), (31, 34, 31), (197, 219, 207), (141, 219, 208), (69, 78, 50)]"
tlatelolco_4727546580_o.jpg,"[(140, 127, 101), (35, 31, 27), (243, 240, 230), (91, 47, 38), (218, 198, 152)]"
3217359736_d9b6fc856b_o.jpg,"[(37, 53, 36), (220, 221, 209), (164, 199, 153), (152, 162, 162), (130, 143, 113)]"
untitled-1_3109450932_o.jpg,"[(41, 30, 35), (202, 184, 123), (125, 96, 91), (147, 154, 123), (138, 135, 149)]"
img_0203_12397750663_o.jpg,"[(209, 204, 195), (49, 44, 44), (140, 133, 133), (113, 89, 69), (141, 120, 87)]"
img_4605_2920651836_o.jpg,"[(44, 17, 8), (216, 192, 168), (133, 162, 188), (125, 84, 52), (97, 113, 172)]"
icaic_2756041052_o.jpg,"[(188, 187, 182), (32, 28, 25), (109, 172, 164), (119, 106, 84), (132, 131, 151)]"
img_4577_2919805693_o.jpg,"[(13, 11, 9), (229, 212, 196), (105, 59, 48), (132, 109, 84), (138, 126, 108)]"
graffittis-en-bellas-artes_3886331324_o.jpg,"[(195, 195, 186), (19, 28, 37), (148, 41, 54), (171, 130, 62), (113, 133, 152)]"
albores_1506864074_o.jpg,"[(14, 29, 22), (194, 203, 190), (113, 151, 130), (86, 120, 103), (99, 131, 132)]"
ciclovias-ya_3697157234_o.jpg,"[(154, 150, 141), (24, 43, 51), (102, 50, 33), (123, 87, 48), (219, 207, 191)]"
banobras_4791390347_o.jpg,"[(62, 64, 63), (217, 209, 183), (184, 182, 154), (165, 160, 133), (172, 172, 172)]"
boda_1272034894_o.jpg,"[(20, 20, 20), (197, 197, 197), (92, 92, 92), (132, 132, 132), (124, 124, 124)]"
museo-tamayo_5227528833_o.jpg,"[(42, 40, 26), (206, 204, 187), (116, 114, 80), (143, 151, 117), (136, 136, 143)]"
la-basura_4637034205_o.jpg,"[(236, 241, 197), (56, 61, 49), (153, 182, 111), (135, 141, 101), (127, 149, 159)]"
gonzalo-lebrija-en-la-coleccin-jumex_4347116171_o.jpg,"[(74, 37, 35), (153, 158, 128), (149, 92, 70), (219, 215, 187), (107, 134, 164)]"
feria-en-la-alameda_4302327068_o.jpg,"[(200, 191, 175), (44, 30, 23), (132, 171, 128), (128, 62, 39), (80, 120, 153)]"
km_1259463246_o.jpg,"[(24, 29, 33), (193, 220, 212), (113, 171, 186), (88, 114, 170), (73, 101, 89)]"
rochester-public-library_957246061_o.jpg,"[(32, 34, 67), (180, 206, 246), (142, 174, 242), (73, 74, 139), (112, 122, 204)]"
pintura-en-la-estacin-bellas-artes_4264221166_o.jpg,"[(64, 53, 43), (137, 127, 84), (195, 168, 124), (162, 165, 108), (158, 152, 156)]"
circuitos-en-arte-alameda_6222115028_o.jpg,"[(202, 197, 126), (32, 28, 23), (116, 101, 51), (137, 129, 92), (140, 148, 108)]"
2640117592_ae14818748_b_3860942908_o.jpg,"[(191, 195, 176), (22, 37, 30), (94, 114, 83), (89, 107, 53), (73, 71, 57)]"
cube-dyptich_569986894_o.jpg,"[(110, 98, 73), (192, 177, 167), (14, 6, 4), (163, 173, 138), (165, 162, 157)]"
3216501809_ce4a890a71_o.jpg,"[(48, 58, 53), (212, 221, 209), (153, 186, 156), (142, 142, 129), (151, 157, 168)]"
habana-en-la-cmara-obscura_2755211185_o.jpg,"[(42, 45, 46), (197, 181, 173), (107, 107, 111), (133, 134, 145), (146, 149, 157)]"
proyeccin-en-el-centro-cultural-tlatelolco_4226011021_o.jpg,"[(117, 127, 101), (218, 224, 178), (21, 20, 16), (156, 170, 188), (179, 196, 152)]"
anita_5183317198_o.jpg,"[(29, 17, 15), (211, 176, 123), (113, 77, 55), (125, 115, 110), (138, 134, 116)]"
0574_3430300019_o.jpg,"[(231, 227, 222), (50, 52, 46), (136, 131, 120), (158, 168, 153), (147, 146, 161)]"
3217354630_fb585256df_o.jpg,"[(42, 39, 38), (201, 185, 166), (122, 101, 99), (129, 174, 110), (131, 132, 152)]"
billares_4515930917_o.jpg,"[(46, 44, 59), (240, 238, 225), (232, 188, 79), (182, 172, 130), (125, 74, 58)]"
graffittis-en-bellas-artes_3885534931_o.jpg,"[(186, 193, 196), (14, 27, 35), (107, 116, 73), (54, 98, 147), (118, 107, 144)]"
habana_3217357890_o.jpg,"[(206, 205, 196), (29, 24, 25), (120, 65, 65), (123, 117, 123), (148, 107, 84)]"
untitled_3097268632_o.jpg,"[(4, 5, 6), (184, 147, 128), (97, 55, 47), (94, 160, 173), (32, 72, 172)]"
partidito-en-la-calle_4897285913_o.jpg,"[(50, 62, 52), (198, 213, 181), (111, 138, 109), (149, 175, 140), (127, 160, 167)]"
3413425682_252fa8d37f_o.jpg,"[(65, 65, 60), (229, 219, 210), (155, 145, 130), (174, 175, 161), (121, 156, 175)]"
habana_3216500559_o.jpg,"[(42, 40, 50), (226, 231, 224), (114, 66, 67), (133, 153, 155), (176, 160, 65)]"
darth-vader-rodando_3705440741_o.jpg,"[(211, 210, 208), (38, 43, 47), (105, 78, 76), (120, 119, 121), (115, 107, 94)]"
capitolio_2758812900_o.jpg,"[(59, 59, 54), (212, 207, 191), (153, 164, 171), (153, 143, 113), (171, 182, 183)]"
casa-talavera_4899341391_o.jpg,"[(40, 21, 22), (214, 193, 129), (119, 67, 41), (148, 140, 86), (72, 84, 132)]"
esau_5403073500_o.jpg,"[(208, 191, 189), (44, 31, 37), (140, 105, 104), (102, 68, 73), (130, 91, 72)]"
couple_570426099_o.jpg,"[(126, 126, 106), (9, 9, 6), (213, 214, 207), (185, 198, 178), (177, 183, 184)]"
periodicos-en-el-macg_5425160597_o.jpg,"[(224, 217, 200), (66, 63, 54), (154, 152, 127), (113, 114, 90), (125, 63, 49)]"
capitolio-3_2756042852_o.jpg,"[(36, 42, 45), (182, 187, 180), (117, 120, 117), (141, 161, 163), (110, 137, 163)]"
marceunice_4931504445_o.jpg,"[(24, 23, 19), (194, 181, 156), (103, 84, 62), (124, 150, 160), (99, 118, 156)]"
el-metro_4395253733_o.jpg,"[(63, 57, 40), (212, 213, 183), (183, 184, 150), (163, 155, 119), (130, 158, 157)]"
hombre-dentro-de-un-vaso-sobre-una-mesa_4421058183_o.jpg,"[(38, 28, 24), (197, 171, 132), (114, 95, 79), (136, 132, 132), (148, 148, 116)]"
3_3096425647_o.jpg,"[(30, 25, 29), (200, 193, 174), (109, 89, 82), (107, 120, 158), (132, 154, 174)]"
performance-de-los-superelegantes-en-el-tamayo_4536362755_o.jpg,"[(56, 50, 50), (225, 220, 212), (150, 167, 164), (131, 120, 110), (123, 142, 162)]"
3463892657_2ce442a10b_o.jpg,"[(110, 108, 94), (226, 206, 209), (27, 25, 27), (182, 191, 186), (169, 175, 176)]"
5_3172185797_o.jpg,"[(217, 223, 222), (49, 46, 49), (110, 91, 88), (134, 136, 128), (128, 123, 102)]"
xochimilco_5227465091_o.jpg,"[(71, 73, 49), (208, 228, 167), (156, 191, 103), (142, 146, 94), (136, 151, 164)]"
plaza-de-las-tres-culturas_4718903017_o.jpg,"[(213, 210, 212), (40, 38, 40), (138, 145, 80), (82, 77, 73), (121, 116, 115)]"
pajaros_2477646214_o.jpg,"[(214, 215, 208), (36, 33, 29), (135, 139, 129), (121, 120, 91), (103, 96, 84)]"
andar-en-bici-es-sexi_3696351483_o.jpg,"[(49, 56, 59), (219, 205, 198), (146, 138, 130), (170, 173, 165), (148, 159, 175)]"
tlatelolco_4715643275_o.jpg,"[(58, 52, 43), (216, 208, 183), (140, 108, 88), (162, 171, 114), (159, 153, 157)]"
mamiya-m645_5426115091_o.jpg,"[(75, 81, 60), (169, 197, 152), (148, 167, 120), (216, 219, 199), (139, 151, 176)]"
tlatelolco_4716284990_o.jpg,"[(55, 43, 38), (219, 211, 194), (132, 93, 81), (159, 161, 140), (140, 139, 155)]"
plaza-de-las-tres-culturas_4718904467_o.jpg,"[(46, 42, 41), (207, 205, 192), (128, 120, 103), (153, 158, 139), (134, 143, 156)]"
moma-window-pano_2281166604_o.jpg,"[(170, 184, 188), (9, 9, 8), (86, 88, 83), (119, 135, 137), (109, 122, 133)]"
barn_532761323_o.jpg,"[(38, 35, 27), (236, 233, 243), (134, 86, 65), (157, 130, 98), (142, 142, 152)]"
verde-y-azul_2770471551_o.jpg,"[(85, 130, 71), (13, 11, 9), (119, 190, 206), (128, 201, 104), (152, 205, 83)]"
glorieta-de-insurgentes_4023798053_o.jpg,"[(65, 72, 27), (218, 222, 164), (159, 188, 106), (145, 153, 62), (149, 168, 153)]"
escultura-en-la-zona-maco_4536995240_o.jpg,"[(221, 221, 211), (34, 29, 33), (167, 163, 149), (131, 126, 118), (149, 136, 152)]"
coleccin-jumex_4345522194_o.jpg,"[(34, 29, 25), (220, 217, 208), (149, 136, 109), (113, 95, 72), (90, 84, 73)]"
untitled-1_3036171689_o.jpg,"[(113, 101, 91), (170, 207, 197), (212, 219, 203), (23, 18, 24), (112, 165, 175)]"
3500451781_3b4802f043_o.jpg,"[(42, 37, 39), (218, 205, 193), (175, 179, 172), (152, 132, 113), (94, 149, 174)]"
feria-en-la-alameda_4304991621_o.jpg,"[(41, 8, 19), (205, 152, 52), (139, 58, 26), (162, 119, 141), (164, 132, 160)]"
wine-on-the-table_2501236544_o.jpg,"[(55, 42, 51), (210, 203, 189), (142, 179, 163), (143, 101, 96), (113, 138, 168)]"
0191_3172276864_o.jpg,"[(180, 181, 187), (20, 21, 19), (119, 52, 43), (102, 111, 125), (174, 110, 53)]"
peregrinacion-en-calzada-de-guadalupe_4716284624_o.jpg,"[(70, 64, 59), (218, 219, 207), (183, 185, 172), (158, 153, 140), (173, 171, 172)]"
sushi-bar_577920428_o.jpg,"[(161, 174, 178), (21, 23, 24), (112, 53, 39), (166, 110, 60), (221, 201, 190)]"
